id,round,starts_at,complete,application_id
1,1,2021-11-12 12:00:00 UTC,false,1
2,1,2021-12-05 10:00:00 UTC,false,3
3,2,2021-12-10 09:00:00 UTC,false,3
4,1,2021-10-15 14:00:00 UTC,true,4
5,1,2021-10-27 13:00:00 UTC,false,5
6,1,2021-12-01 12:00:00 UTC,false,6
7,2,2021-12-07 11:00:00 UTC,false,6
8,1,2021-10-28 11:00:00 UTC,false,7
9,1,2021-12-06 14:00:00 UTC,false,8
10,2,2021-12-16 12:00:00 UTC,false,8
11,3,2021-12-21 09:00:00 UTC,false,8
12,1,2021-10-30 09:00:00 UTC,false,11
13,2,2021-11-08 11:00:00 UTC,false,11
14,1,2021-10-15 14:00:00 UTC,true,13
15,2,2021-10-23 11:00:00 UTC,true,13
16,1,2021-10-22 13:00:00 UTC,true,14
17,2,2021-10-26 11:00:00 UTC,true,14
18,3,2021-11-02 14:00:00 UTC,false,14
19,1,2021-12-20 11:00:00 UTC,false,15
20,1,2021-10-30 10:00:00 UTC,false,17
21,2,2021-11-07 11:00:00 UTC,false,17
22,3,2021-11-10 09:00:00 UTC,false,17
23,1,2021-11-02 09:00:00 UTC,false,18
24,2,2021-11-08 14:00:00 UTC,false,18
25,3,2021-11-13 09:00:00 UTC,false,18
26,1,2021-11-01 09:00:00 UTC,false,19
27,2,2021-11-08 10:00:00 UTC,false,19
28,1,2021-12-15 10:00:00 UTC,false,22
29,2,2021-12-17 13:00:00 UTC,false,22
30,3,2021-12-26 09:00:00 UTC,false,22
31,1,2021-10-08 09:00:00 UTC,true,25
32,2,2021-10-09 10:00:00 UTC,true,25
33,3,2021-10-19 09:00:00 UTC,true,25
34,1,2021-11-12 09:00:00 UTC,false,30
35,1,2021-10-09 14:00:00 UTC,true,31
36,1,2021-12-22 13:00:00 UTC,false,33
37,2,2021-12-29 09:00:00 UTC,false,33
38,3,2022-01-03 12:00:00 UTC,false,33
39,1,2021-10-20 09:00:00 UTC,true,34
40,2,2021-10-28 11:00:00 UTC,false,34
41,1,2021-10-19 14:00:00 UTC,true,35
42,2,2021-10-27 10:00:00 UTC,false,35
43,3,2021-11-03 09:00:00 UTC,false,35
44,1,2021-10-10 12:00:00 UTC,true,36
45,1,2021-10-13 10:00:00 UTC,true,37
46,1,2021-11-01 12:00:00 UTC,false,39
47,2,2021-11-09 10:00:00 UTC,false,39
48,1,2021-10-28 10:00:00 UTC,false,40
49,1,2021-11-19 11:00:00 UTC,false,41
50,2,2021-11-28 09:00:00 UTC,false,41
51,3,2021-11-30 14:00:00 UTC,false,41
52,1,2021-12-02 13:00:00 UTC,false,44
53,2,2021-12-07 14:00:00 UTC,false,44
54,1,2021-10-05 11:00:00 UTC,true,45
55,2,2021-10-10 10:00:00 UTC,true,45
56,1,2021-10-17 10:00:00 UTC,true,46
57,2,2021-10-21 10:00:00 UTC,true,46
58,1,2021-10-05 10:00:00 UTC,true,47
59,2,2021-10-15 13:00:00 UTC,true,47
60,1,2021-12-06 13:00:00 UTC,false,48
61,1,2021-10-29 10:00:00 UTC,false,49
62,2,2021-11-03 10:00:00 UTC,false,49
63,3,2021-11-08 12:00:00 UTC,false,49
64,1,2021-10-30 14:00:00 UTC,false,51
65,2,2021-11-03 09:00:00 UTC,false,51
66,3,2021-11-13 13:00:00 UTC,false,51
67,1,2021-10-10 10:00:00 UTC,true,52
68,1,2021-12-22 09:00:00 UTC,false,53
69,2,2021-12-30 12:00:00 UTC,false,53
70,1,2021-11-18 12:00:00 UTC,false,54
71,2,2021-11-27 10:00:00 UTC,false,54
72,3,2021-12-02 09:00:00 UTC,false,54
73,1,2021-10-17 09:00:00 UTC,true,55
74,2,2021-10-24 11:00:00 UTC,true,55
75,3,2021-10-31 13:00:00 UTC,false,55
76,1,2021-10-31 13:00:00 UTC,false,56
77,1,2021-12-15 12:00:00 UTC,false,57
78,2,2021-12-20 13:00:00 UTC,false,57
79,3,2021-12-24 11:00:00 UTC,false,57
80,1,2021-11-27 13:00:00 UTC,false,58
81,1,2021-10-04 11:00:00 UTC,true,59
82,1,2021-10-04 12:00:00 UTC,true,61
83,2,2021-10-09 12:00:00 UTC,true,61
84,3,2021-10-16 09:00:00 UTC,true,61
85,1,2021-10-23 11:00:00 UTC,true,62
86,2,2021-10-26 14:00:00 UTC,true,62
87,1,2021-10-11 10:00:00 UTC,true,64
88,2,2021-10-14 13:00:00 UTC,true,64
89,1,2021-10-27 12:00:00 UTC,false,65
90,2,2021-11-05 12:00:00 UTC,false,65
91,3,2021-11-06 11:00:00 UTC,false,65
92,1,2021-12-04 12:00:00 UTC,false,66
93,1,2021-12-29 14:00:00 UTC,false,67
94,1,2021-10-15 13:00:00 UTC,true,68
95,2,2021-10-19 11:00:00 UTC,true,68
96,1,2021-10-20 10:00:00 UTC,true,69
97,2,2021-10-24 10:00:00 UTC,true,69
98,3,2021-10-29 12:00:00 UTC,false,69
99,1,2021-11-20 14:00:00 UTC,false,70
100,2,2021-11-26 11:00:00 UTC,false,70
101,3,2021-12-02 09:00:00 UTC,false,70
102,1,2021-10-27 12:00:00 UTC,false,72
103,2,2021-11-06 13:00:00 UTC,false,72
104,1,2021-12-20 09:00:00 UTC,false,73
105,2,2021-12-24 13:00:00 UTC,false,73
106,1,2021-11-09 09:00:00 UTC,false,74
107,1,2021-10-29 12:00:00 UTC,false,75
108,1,2021-10-12 14:00:00 UTC,true,77
109,1,2021-10-22 09:00:00 UTC,true,78
110,2,2021-10-29 12:00:00 UTC,false,78
111,3,2021-11-03 12:00:00 UTC,false,78
112,1,2021-12-21 14:00:00 UTC,false,81
113,2,2021-12-29 12:00:00 UTC,false,81
114,3,2022-01-03 11:00:00 UTC,false,81
115,1,2021-09-30 12:00:00 UTC,true,82
116,1,2021-10-08 14:00:00 UTC,true,84
117,2,2021-10-16 14:00:00 UTC,true,84
118,1,2021-10-12 12:00:00 UTC,true,85
119,2,2021-10-21 14:00:00 UTC,true,85
120,1,2021-11-03 14:00:00 UTC,false,86
121,2,2021-11-07 10:00:00 UTC,false,86
122,3,2021-11-12 14:00:00 UTC,false,86
123,1,2021-10-18 09:00:00 UTC,true,88
124,2,2021-10-19 09:00:00 UTC,true,88
125,3,2021-10-27 09:00:00 UTC,false,88
126,1,2021-10-08 10:00:00 UTC,true,89
127,1,2021-11-27 10:00:00 UTC,false,91
128,1,2021-10-08 10:00:00 UTC,true,93
129,2,2021-10-12 09:00:00 UTC,true,93
130,1,2021-12-16 12:00:00 UTC,false,95
131,2,2021-12-25 12:00:00 UTC,false,95
132,3,2021-12-29 14:00:00 UTC,false,95
133,1,2021-12-14 12:00:00 UTC,false,97
134,1,2021-10-01 12:00:00 UTC,true,98
135,2,2021-10-05 09:00:00 UTC,true,98
136,3,2021-10-13 11:00:00 UTC,true,98
137,1,2021-10-31 10:00:00 UTC,false,99
138,1,2021-10-19 13:00:00 UTC,true,100
139,1,2021-12-30 14:00:00 UTC,false,101
140,2,2022-01-07 09:00:00 UTC,false,101
141,3,2022-01-08 09:00:00 UTC,false,101
142,1,2021-10-27 10:00:00 UTC,false,103
143,2,2021-11-01 10:00:00 UTC,false,103
144,1,2021-10-30 12:00:00 UTC,false,104
145,1,2021-11-03 10:00:00 UTC,false,105
146,2,2021-11-11 13:00:00 UTC,false,105
147,1,2021-10-05 11:00:00 UTC,true,106
148,1,2021-10-09 09:00:00 UTC,true,108
149,2,2021-10-12 09:00:00 UTC,true,108
150,3,2021-10-20 13:00:00 UTC,true,108
151,1,2021-12-02 09:00:00 UTC,false,110
152,1,2021-10-04 13:00:00 UTC,true,111
153,2,2021-10-08 12:00:00 UTC,true,111
154,3,2021-10-16 10:00:00 UTC,true,111
155,1,2021-10-24 13:00:00 UTC,true,112
156,2,2021-10-31 12:00:00 UTC,false,112
157,3,2021-11-02 11:00:00 UTC,false,112
158,1,2021-10-28 11:00:00 UTC,false,113
159,1,2021-12-13 09:00:00 UTC,false,114
160,2,2021-12-18 13:00:00 UTC,false,114
161,3,2021-12-25 12:00:00 UTC,false,114
162,1,2021-11-16 10:00:00 UTC,false,115
163,2,2021-11-23 11:00:00 UTC,false,115
164,1,2021-10-07 10:00:00 UTC,true,118
165,2,2021-10-11 10:00:00 UTC,true,118
166,1,2021-10-23 12:00:00 UTC,true,120
167,2,2021-10-24 09:00:00 UTC,true,120
168,1,2021-12-12 12:00:00 UTC,false,122
169,2,2021-12-17 12:00:00 UTC,false,122
170,1,2021-10-19 09:00:00 UTC,true,123
171,1,2021-10-27 11:00:00 UTC,false,124
172,1,2021-10-12 12:00:00 UTC,true,125
173,1,2021-12-29 10:00:00 UTC,false,126
174,2,2022-01-02 14:00:00 UTC,false,126
175,3,2022-01-13 11:00:00 UTC,false,126
176,1,2021-10-03 12:00:00 UTC,true,127
177,2,2021-10-08 12:00:00 UTC,true,127
178,3,2021-10-13 09:00:00 UTC,true,127
179,1,2021-10-21 11:00:00 UTC,true,129
180,1,2021-10-18 12:00:00 UTC,true,130
181,2,2021-10-20 13:00:00 UTC,true,130
182,3,2021-10-30 12:00:00 UTC,false,130
183,1,2021-10-26 10:00:00 UTC,true,131
184,1,2021-11-26 10:00:00 UTC,false,133
185,1,2021-10-24 12:00:00 UTC,true,134
186,1,2021-11-22 11:00:00 UTC,false,136
187,1,2021-12-10 10:00:00 UTC,false,138
188,2,2021-12-20 11:00:00 UTC,false,138
189,3,2021-12-24 14:00:00 UTC,false,138
190,1,2021-12-28 12:00:00 UTC,false,140
191,2,2022-01-01 12:00:00 UTC,false,140
192,1,2021-12-06 09:00:00 UTC,false,141
193,1,2021-12-13 12:00:00 UTC,false,142
194,2,2021-12-16 09:00:00 UTC,false,142
195,1,2021-11-13 14:00:00 UTC,false,144
196,2,2021-11-22 13:00:00 UTC,false,144
197,1,2021-10-26 11:00:00 UTC,true,148
198,1,2021-11-24 12:00:00 UTC,false,149
199,2,2021-11-28 11:00:00 UTC,false,149
200,3,2021-12-03 12:00:00 UTC,false,149
201,1,2021-10-21 11:00:00 UTC,true,150
202,2,2021-10-29 14:00:00 UTC,false,150
203,3,2021-11-01 10:00:00 UTC,false,150
204,1,2021-12-16 14:00:00 UTC,false,151
205,1,2021-10-28 09:00:00 UTC,false,153
206,1,2021-12-28 12:00:00 UTC,false,154
207,1,2021-11-17 14:00:00 UTC,false,155
208,1,2021-10-17 13:00:00 UTC,true,156
209,2,2021-10-26 13:00:00 UTC,true,156
210,1,2021-10-08 09:00:00 UTC,true,158
211,2,2021-10-16 13:00:00 UTC,true,158
212,1,2021-10-09 13:00:00 UTC,true,159
213,2,2021-10-16 13:00:00 UTC,true,159
214,3,2021-10-20 09:00:00 UTC,true,159
215,1,2021-10-20 09:00:00 UTC,true,160
216,1,2021-10-22 10:00:00 UTC,true,162
217,2,2021-10-26 12:00:00 UTC,true,162
218,1,2021-11-25 12:00:00 UTC,false,163
219,2,2021-11-28 12:00:00 UTC,false,163
220,3,2021-12-07 11:00:00 UTC,false,163
221,1,2021-10-06 09:00:00 UTC,true,164
222,1,2021-10-30 13:00:00 UTC,false,165
223,2,2021-11-10 11:00:00 UTC,false,165
224,1,2021-11-26 13:00:00 UTC,false,166
225,1,2022-01-01 14:00:00 UTC,false,167
226,2,2022-01-05 10:00:00 UTC,false,167
227,1,2021-12-12 11:00:00 UTC,false,168
228,2,2021-12-15 10:00:00 UTC,false,168
229,3,2021-12-23 14:00:00 UTC,false,168
230,1,2021-12-05 12:00:00 UTC,false,169
231,2,2021-12-08 09:00:00 UTC,false,169
232,1,2021-12-19 10:00:00 UTC,false,170
233,2,2021-12-29 14:00:00 UTC,false,170
234,1,2021-10-15 09:00:00 UTC,true,171
235,1,2021-12-18 13:00:00 UTC,false,172
236,1,2021-12-15 14:00:00 UTC,false,173
237,1,2021-12-09 12:00:00 UTC,false,174
238,2,2021-12-16 09:00:00 UTC,false,174
239,1,2021-12-16 13:00:00 UTC,false,175
240,2,2021-12-24 11:00:00 UTC,false,175
241,3,2021-12-27 14:00:00 UTC,false,175
242,1,2021-09-30 10:00:00 UTC,true,176
243,1,2021-12-11 12:00:00 UTC,false,177
244,2,2021-12-18 11:00:00 UTC,false,177
245,3,2021-12-23 10:00:00 UTC,false,177
246,1,2021-11-14 14:00:00 UTC,false,178
247,1,2021-11-18 09:00:00 UTC,false,179
248,1,2021-12-13 12:00:00 UTC,false,180
249,2,2021-12-18 14:00:00 UTC,false,180
250,3,2021-12-23 09:00:00 UTC,false,180
251,1,2021-10-14 09:00:00 UTC,true,181
252,1,2021-10-23 11:00:00 UTC,true,184
253,2,2021-11-03 12:00:00 UTC,false,184
254,3,2021-11-06 14:00:00 UTC,false,184
255,1,2021-12-08 14:00:00 UTC,false,186
256,2,2021-12-10 13:00:00 UTC,false,186
257,3,2021-12-17 12:00:00 UTC,false,186
258,1,2021-10-15 09:00:00 UTC,true,187
259,2,2021-10-19 14:00:00 UTC,true,187
260,1,2021-11-30 14:00:00 UTC,false,188
261,1,2021-12-17 14:00:00 UTC,false,189
262,2,2021-12-27 10:00:00 UTC,false,189
263,1,2021-11-27 14:00:00 UTC,false,190
264,1,2021-12-28 09:00:00 UTC,false,191
265,1,2021-10-03 13:00:00 UTC,true,193
266,2,2021-10-10 11:00:00 UTC,true,193
267,1,2021-10-05 10:00:00 UTC,true,194
268,2,2021-10-11 14:00:00 UTC,true,194
269,3,2021-10-17 14:00:00 UTC,true,194
270,1,2021-11-23 13:00:00 UTC,false,196
271,2,2021-11-27 12:00:00 UTC,false,196
272,3,2021-12-07 09:00:00 UTC,false,196
273,1,2021-11-04 09:00:00 UTC,false,198
274,2,2021-11-14 13:00:00 UTC,false,198
275,1,2021-10-26 10:00:00 UTC,true,199
276,1,2021-11-05 13:00:00 UTC,false,202
277,2,2021-11-12 09:00:00 UTC,false,202
278,1,2021-10-15 11:00:00 UTC,true,203
279,1,2021-10-26 09:00:00 UTC,true,204
280,2,2021-10-29 10:00:00 UTC,false,204
281,3,2021-11-06 12:00:00 UTC,false,204
282,1,2021-10-29 13:00:00 UTC,false,205
283,2,2021-10-31 10:00:00 UTC,false,205
284,1,2021-10-01 10:00:00 UTC,true,206
285,2,2021-10-10 13:00:00 UTC,true,206
286,1,2021-10-09 12:00:00 UTC,true,208
287,2,2021-10-18 13:00:00 UTC,true,208
288,3,2021-10-23 09:00:00 UTC,true,208
289,1,2021-12-16 13:00:00 UTC,false,209
290,2,2021-12-21 13:00:00 UTC,false,209
291,3,2021-12-30 11:00:00 UTC,false,209
292,1,2021-11-13 11:00:00 UTC,false,211
293,1,2021-12-20 09:00:00 UTC,false,212
294,2,2021-12-30 12:00:00 UTC,false,212
295,3,2022-01-03 13:00:00 UTC,false,212
296,1,2021-11-04 12:00:00 UTC,false,213
297,2,2021-11-09 13:00:00 UTC,false,213
298,1,2021-10-07 11:00:00 UTC,true,214
299,1,2021-10-27 10:00:00 UTC,false,215
300,1,2021-12-16 14:00:00 UTC,false,216
301,1,2021-11-21 10:00:00 UTC,false,220
302,1,2021-11-28 14:00:00 UTC,false,221
303,2,2021-12-03 14:00:00 UTC,false,221
304,1,2021-10-26 10:00:00 UTC,true,222
305,2,2021-11-03 13:00:00 UTC,false,222
306,3,2021-11-08 14:00:00 UTC,false,222
307,1,2021-11-17 12:00:00 UTC,false,224
308,2,2021-11-24 09:00:00 UTC,false,224
309,1,2021-11-15 11:00:00 UTC,false,226
310,2,2021-11-25 09:00:00 UTC,false,226
311,3,2021-11-28 14:00:00 UTC,false,226
312,1,2021-10-05 13:00:00 UTC,true,228
313,1,2021-12-09 12:00:00 UTC,false,231
314,1,2021-10-26 11:00:00 UTC,true,232
315,2,2021-11-03 09:00:00 UTC,false,232
316,3,2021-11-09 14:00:00 UTC,false,232
317,1,2021-11-27 09:00:00 UTC,false,234
318,2,2021-12-04 14:00:00 UTC,false,234
319,1,2021-11-09 14:00:00 UTC,false,235
320,1,2021-12-05 12:00:00 UTC,false,236
321,2,2021-12-08 09:00:00 UTC,false,236
322,1,2021-10-26 13:00:00 UTC,true,239
323,1,2021-10-09 10:00:00 UTC,true,240
324,2,2021-10-16 14:00:00 UTC,true,240
325,1,2021-10-07 12:00:00 UTC,true,241
326,1,2021-10-23 10:00:00 UTC,true,242
327,2,2021-10-30 10:00:00 UTC,false,242
328,3,2021-11-04 11:00:00 UTC,false,242
329,1,2021-11-24 12:00:00 UTC,false,244
330,1,2021-11-08 11:00:00 UTC,false,245
331,2,2021-11-12 09:00:00 UTC,false,245
332,3,2021-11-20 14:00:00 UTC,false,245
333,1,2021-10-18 09:00:00 UTC,true,246
334,2,2021-10-27 14:00:00 UTC,false,246
335,1,2021-12-22 14:00:00 UTC,false,247
336,2,2021-12-25 13:00:00 UTC,false,247
337,3,2021-12-31 14:00:00 UTC,false,247
338,1,2021-10-09 09:00:00 UTC,true,250
339,2,2021-10-14 11:00:00 UTC,true,250
340,3,2021-10-20 12:00:00 UTC,true,250
341,1,2021-11-21 10:00:00 UTC,false,251
342,2,2021-11-25 12:00:00 UTC,false,251
343,1,2021-12-09 12:00:00 UTC,false,252
344,2,2021-12-15 13:00:00 UTC,false,252
345,1,2021-10-26 12:00:00 UTC,true,253
346,1,2021-12-05 13:00:00 UTC,false,255
347,2,2021-12-14 09:00:00 UTC,false,255
348,3,2021-12-18 14:00:00 UTC,false,255
349,1,2021-10-26 12:00:00 UTC,true,256
350,2,2021-10-30 11:00:00 UTC,false,256
351,1,2021-11-26 14:00:00 UTC,false,257
352,2,2021-12-04 11:00:00 UTC,false,257
353,3,2021-12-05 13:00:00 UTC,false,257
354,1,2021-11-24 09:00:00 UTC,false,258
355,2,2021-12-01 13:00:00 UTC,false,258
356,1,2021-10-25 13:00:00 UTC,true,259
357,1,2021-10-04 12:00:00 UTC,true,260
358,2,2021-10-09 09:00:00 UTC,true,260
359,1,2021-10-25 13:00:00 UTC,true,262
360,2,2021-11-04 14:00:00 UTC,false,262
361,1,2021-10-31 10:00:00 UTC,false,263
362,2,2021-11-04 11:00:00 UTC,false,263
363,1,2021-12-05 11:00:00 UTC,false,266
364,2,2021-12-07 12:00:00 UTC,false,266
365,3,2021-12-16 13:00:00 UTC,false,266
366,1,2021-12-18 09:00:00 UTC,false,267
367,2,2021-12-23 10:00:00 UTC,false,267
368,3,2021-12-29 13:00:00 UTC,false,267
369,1,2021-11-02 12:00:00 UTC,false,268
370,2,2021-11-08 10:00:00 UTC,false,268
371,1,2021-12-03 10:00:00 UTC,false,270
372,2,2021-12-11 09:00:00 UTC,false,270
373,1,2021-10-26 12:00:00 UTC,true,273
374,2,2021-10-30 11:00:00 UTC,false,273
375,1,2021-12-27 12:00:00 UTC,false,274
376,2,2022-01-04 13:00:00 UTC,false,274
377,1,2021-10-15 11:00:00 UTC,true,275
378,1,2021-10-11 13:00:00 UTC,true,276
379,2,2021-10-21 11:00:00 UTC,true,276
380,1,2021-12-20 09:00:00 UTC,false,277
381,1,2021-10-12 11:00:00 UTC,true,280
382,2,2021-10-22 11:00:00 UTC,true,280
383,1,2021-10-31 10:00:00 UTC,false,282
384,2,2021-11-05 13:00:00 UTC,false,282
385,1,2021-12-01 10:00:00 UTC,false,283
386,1,2021-11-07 09:00:00 UTC,false,284
387,1,2021-11-16 13:00:00 UTC,false,285
388,2,2021-11-23 10:00:00 UTC,false,285
389,1,2021-12-30 14:00:00 UTC,false,287
390,1,2021-11-23 14:00:00 UTC,false,288
391,1,2021-12-04 10:00:00 UTC,false,289
392,1,2021-12-25 14:00:00 UTC,false,290
393,2,2022-01-04 12:00:00 UTC,false,290
394,1,2021-10-04 13:00:00 UTC,true,294
395,2,2021-10-10 13:00:00 UTC,true,294
396,1,2021-10-16 11:00:00 UTC,true,295
397,2,2021-10-19 13:00:00 UTC,true,295
398,1,2021-12-01 09:00:00 UTC,false,297
399,2,2021-12-07 12:00:00 UTC,false,297
400,1,2021-11-20 10:00:00 UTC,false,299
401,2,2021-11-23 11:00:00 UTC,false,299
402,1,2021-11-23 14:00:00 UTC,false,300
403,2,2021-12-03 09:00:00 UTC,false,300
404,1,2021-10-28 14:00:00 UTC,false,301
405,2,2021-10-29 11:00:00 UTC,false,301
406,1,2021-12-08 14:00:00 UTC,false,303
407,2,2021-12-14 12:00:00 UTC,false,303
408,3,2021-12-18 13:00:00 UTC,false,303
409,1,2021-12-19 10:00:00 UTC,false,304
410,2,2021-12-21 11:00:00 UTC,false,304
411,1,2021-10-10 11:00:00 UTC,true,305
412,1,2021-11-11 10:00:00 UTC,false,308
413,2,2021-11-20 10:00:00 UTC,false,308
414,1,2021-12-13 12:00:00 UTC,false,310
415,2,2021-12-17 13:00:00 UTC,false,310
416,3,2021-12-24 11:00:00 UTC,false,310
417,1,2021-12-13 14:00:00 UTC,false,313
418,2,2021-12-16 12:00:00 UTC,false,313
419,3,2021-12-25 11:00:00 UTC,false,313
420,1,2021-11-19 13:00:00 UTC,false,314
421,1,2021-10-10 13:00:00 UTC,true,315
422,1,2021-11-04 14:00:00 UTC,false,318
423,2,2021-11-13 11:00:00 UTC,false,318
424,1,2021-10-12 09:00:00 UTC,true,319
425,1,2021-11-25 10:00:00 UTC,false,320
426,2,2021-12-01 10:00:00 UTC,false,320
427,3,2021-12-06 14:00:00 UTC,false,320
428,1,2021-11-02 12:00:00 UTC,false,322
429,2,2021-11-06 09:00:00 UTC,false,322
430,1,2021-12-04 09:00:00 UTC,false,324
431,2,2021-12-11 09:00:00 UTC,false,324
432,3,2021-12-16 09:00:00 UTC,false,324
433,1,2021-12-25 14:00:00 UTC,false,325
434,2,2021-12-29 10:00:00 UTC,false,325
435,1,2021-10-21 12:00:00 UTC,true,326
436,1,2021-12-06 12:00:00 UTC,false,327
437,2,2021-12-13 09:00:00 UTC,false,327
438,3,2021-12-16 09:00:00 UTC,false,327
439,1,2021-12-05 13:00:00 UTC,false,329
440,2,2021-12-13 10:00:00 UTC,false,329
441,1,2021-12-24 13:00:00 UTC,false,330
442,2,2021-12-31 13:00:00 UTC,false,330
443,3,2022-01-07 12:00:00 UTC,false,330
444,1,2021-11-03 10:00:00 UTC,false,331
445,1,2021-10-05 14:00:00 UTC,true,332
446,2,2021-10-09 11:00:00 UTC,true,332
447,1,2021-10-01 10:00:00 UTC,true,333
448,2,2021-10-10 09:00:00 UTC,true,333
449,3,2021-10-14 14:00:00 UTC,true,333
450,1,2021-11-19 11:00:00 UTC,false,335
451,2,2021-11-29 12:00:00 UTC,false,335
452,1,2021-11-14 10:00:00 UTC,false,336
453,1,2021-12-07 12:00:00 UTC,false,338
454,2,2021-12-14 11:00:00 UTC,false,338
455,3,2021-12-19 10:00:00 UTC,false,338
456,1,2021-10-05 13:00:00 UTC,true,340
457,2,2021-10-11 09:00:00 UTC,true,340
458,3,2021-10-16 11:00:00 UTC,true,340
459,1,2021-12-23 13:00:00 UTC,false,341
460,2,2021-12-27 10:00:00 UTC,false,341
461,1,2021-10-21 11:00:00 UTC,true,342
462,2,2021-10-29 13:00:00 UTC,false,342
463,1,2021-10-31 12:00:00 UTC,false,343
464,2,2021-11-04 10:00:00 UTC,false,343
465,3,2021-11-13 09:00:00 UTC,false,343
466,1,2021-12-28 11:00:00 UTC,false,345
467,2,2022-01-03 13:00:00 UTC,false,345
468,3,2022-01-08 11:00:00 UTC,false,345
469,1,2021-11-04 10:00:00 UTC,false,349
470,2,2021-11-12 10:00:00 UTC,false,349
471,1,2021-10-19 11:00:00 UTC,true,350
472,1,2021-12-03 11:00:00 UTC,false,351
473,2,2021-12-08 13:00:00 UTC,false,351
474,1,2021-10-30 12:00:00 UTC,false,354
475,2,2021-11-07 10:00:00 UTC,false,354
476,1,2021-10-02 12:00:00 UTC,true,356
477,1,2021-12-12 11:00:00 UTC,false,358
478,1,2021-10-29 11:00:00 UTC,false,359
479,2,2021-11-01 12:00:00 UTC,false,359
480,1,2021-11-23 14:00:00 UTC,false,360
481,1,2021-10-22 09:00:00 UTC,true,361
482,2,2021-10-29 09:00:00 UTC,false,361
483,1,2021-10-09 10:00:00 UTC,true,362
484,1,2021-12-16 09:00:00 UTC,false,363
485,1,2021-12-14 11:00:00 UTC,false,365
486,2,2021-12-17 14:00:00 UTC,false,365
487,3,2021-12-25 11:00:00 UTC,false,365
488,1,2021-10-10 11:00:00 UTC,true,366
489,1,2021-10-14 13:00:00 UTC,true,367
490,1,2021-12-24 12:00:00 UTC,false,368
491,2,2021-12-28 14:00:00 UTC,false,368
492,1,2021-10-10 10:00:00 UTC,true,369
493,1,2021-12-14 11:00:00 UTC,false,370
494,1,2021-11-21 14:00:00 UTC,false,371
495,2,2021-11-28 13:00:00 UTC,false,371
496,1,2021-11-29 10:00:00 UTC,false,372
497,2,2021-12-06 11:00:00 UTC,false,372
498,1,2021-10-25 09:00:00 UTC,true,374
499,2,2021-10-30 09:00:00 UTC,false,374
500,1,2021-11-29 11:00:00 UTC,false,376
501,1,2021-10-06 09:00:00 UTC,true,377
502,2,2021-10-15 11:00:00 UTC,true,377
503,1,2021-10-18 11:00:00 UTC,true,378
504,2,2021-10-24 11:00:00 UTC,true,378
505,3,2021-11-01 13:00:00 UTC,false,378
506,1,2021-11-04 10:00:00 UTC,false,380
507,2,2021-11-11 14:00:00 UTC,false,380
508,3,2021-11-13 12:00:00 UTC,false,380
509,1,2021-12-20 12:00:00 UTC,false,383
510,1,2021-11-11 12:00:00 UTC,false,384
511,2,2021-11-17 14:00:00 UTC,false,384
512,3,2021-11-23 09:00:00 UTC,false,384
513,1,2021-12-19 11:00:00 UTC,false,387
514,2,2021-12-20 12:00:00 UTC,false,387
515,1,2021-12-20 11:00:00 UTC,false,388
516,2,2021-12-31 13:00:00 UTC,false,388
517,3,2022-01-01 09:00:00 UTC,false,388
518,1,2021-10-07 13:00:00 UTC,true,391
519,2,2021-10-14 14:00:00 UTC,true,391
520,1,2021-10-25 10:00:00 UTC,true,392
521,1,2021-10-14 10:00:00 UTC,true,393
522,1,2021-11-22 10:00:00 UTC,false,394
523,1,2021-12-04 09:00:00 UTC,false,395
524,2,2021-12-08 10:00:00 UTC,false,395
525,3,2021-12-17 13:00:00 UTC,false,395
526,1,2021-10-12 12:00:00 UTC,true,396
527,2,2021-10-18 12:00:00 UTC,true,396
528,1,2021-10-08 13:00:00 UTC,true,397
529,2,2021-10-15 14:00:00 UTC,true,397
530,3,2021-10-20 11:00:00 UTC,true,397
531,1,2021-10-20 13:00:00 UTC,true,399
532,1,2021-10-03 11:00:00 UTC,true,401
533,2,2021-10-11 11:00:00 UTC,true,401
534,1,2021-12-03 14:00:00 UTC,false,403
535,1,2021-12-04 12:00:00 UTC,false,404
536,2,2021-12-13 13:00:00 UTC,false,404
537,3,2021-12-19 09:00:00 UTC,false,404
538,1,2021-12-25 14:00:00 UTC,false,405
539,1,2021-10-23 12:00:00 UTC,true,406
540,2,2021-10-26 14:00:00 UTC,true,406
541,1,2021-10-12 10:00:00 UTC,true,407
542,2,2021-10-19 10:00:00 UTC,true,407
543,1,2021-10-15 14:00:00 UTC,true,408
544,2,2021-10-21 13:00:00 UTC,true,408
545,3,2021-10-24 09:00:00 UTC,true,408
546,1,2021-12-28 09:00:00 UTC,false,409
547,2,2022-01-05 10:00:00 UTC,false,409
548,1,2021-11-20 13:00:00 UTC,false,410
549,2,2021-11-24 10:00:00 UTC,false,410
550,1,2021-11-20 14:00:00 UTC,false,411
551,2,2021-11-22 10:00:00 UTC,false,411
552,1,2021-10-25 13:00:00 UTC,true,412
553,2,2021-10-29 11:00:00 UTC,false,412
554,3,2021-11-05 11:00:00 UTC,false,412
555,1,2021-10-27 12:00:00 UTC,false,414
556,1,2021-10-16 13:00:00 UTC,true,415
557,2,2021-10-21 12:00:00 UTC,true,415
558,3,2021-10-27 11:00:00 UTC,false,415
559,1,2021-10-21 12:00:00 UTC,true,416
560,1,2021-11-12 10:00:00 UTC,false,418
561,2,2021-11-22 12:00:00 UTC,false,418
562,1,2021-11-23 10:00:00 UTC,false,419
563,1,2021-10-27 11:00:00 UTC,false,420
564,1,2021-12-17 13:00:00 UTC,false,421
565,1,2021-10-06 13:00:00 UTC,true,423
566,1,2021-11-19 13:00:00 UTC,false,425
567,2,2021-11-27 13:00:00 UTC,false,425
568,1,2021-12-25 12:00:00 UTC,false,426
569,2,2021-12-30 11:00:00 UTC,false,426
570,1,2021-12-22 14:00:00 UTC,false,427
571,2,2021-12-27 14:00:00 UTC,false,427
572,1,2021-10-17 11:00:00 UTC,true,428
573,2,2021-10-21 10:00:00 UTC,true,428
574,1,2021-10-31 14:00:00 UTC,false,429
575,1,2021-12-21 10:00:00 UTC,false,432
576,2,2021-12-30 09:00:00 UTC,false,432
577,1,2021-12-09 10:00:00 UTC,false,433
578,1,2021-10-02 14:00:00 UTC,true,434
579,1,2021-11-27 11:00:00 UTC,false,435
580,2,2021-12-02 13:00:00 UTC,false,435
581,1,2021-09-30 10:00:00 UTC,true,436
582,2,2021-10-08 10:00:00 UTC,true,436
583,3,2021-10-15 10:00:00 UTC,true,436
584,1,2021-11-17 13:00:00 UTC,false,440
585,2,2021-11-26 14:00:00 UTC,false,440
586,1,2021-11-22 10:00:00 UTC,false,442
587,2,2021-11-26 09:00:00 UTC,false,442
588,1,2021-11-27 10:00:00 UTC,false,443
589,1,2021-12-16 09:00:00 UTC,false,444
590,2,2021-12-17 11:00:00 UTC,false,444
591,1,2021-10-30 12:00:00 UTC,false,445
592,2,2021-11-05 12:00:00 UTC,false,445
593,1,2021-12-06 14:00:00 UTC,false,446
594,2,2021-12-07 13:00:00 UTC,false,446
595,1,2021-10-12 14:00:00 UTC,true,448
596,1,2021-10-30 09:00:00 UTC,false,449
597,2,2021-11-10 12:00:00 UTC,false,449
598,1,2021-12-27 11:00:00 UTC,false,450
599,2,2021-12-30 10:00:00 UTC,false,450
600,1,2021-11-30 12:00:00 UTC,false,451
601,2,2021-12-11 14:00:00 UTC,false,451
602,1,2021-12-16 14:00:00 UTC,false,453
603,2,2021-12-22 14:00:00 UTC,false,453
604,3,2021-12-27 09:00:00 UTC,false,453
605,1,2021-11-04 11:00:00 UTC,false,456
606,2,2021-11-12 09:00:00 UTC,false,456
607,1,2021-12-19 13:00:00 UTC,false,457
608,2,2021-12-22 10:00:00 UTC,false,457
609,1,2021-10-27 10:00:00 UTC,false,458
610,2,2021-11-01 14:00:00 UTC,false,458
611,3,2021-11-07 09:00:00 UTC,false,458
612,1,2021-10-18 11:00:00 UTC,true,460
613,1,2021-12-15 13:00:00 UTC,false,461
614,2,2021-12-19 09:00:00 UTC,false,461
615,3,2021-12-28 13:00:00 UTC,false,461
616,1,2021-10-04 09:00:00 UTC,true,462
617,1,2021-11-13 12:00:00 UTC,false,463
618,2,2021-11-24 10:00:00 UTC,false,463
619,1,2021-10-03 10:00:00 UTC,true,465
620,2,2021-10-08 13:00:00 UTC,true,465
621,1,2021-11-26 11:00:00 UTC,false,468
622,2,2021-12-04 12:00:00 UTC,false,468
623,1,2021-11-14 10:00:00 UTC,false,469
624,2,2021-11-24 14:00:00 UTC,false,469
625,3,2021-11-25 11:00:00 UTC,false,469
626,1,2021-10-07 09:00:00 UTC,true,470
627,2,2021-10-15 10:00:00 UTC,true,470
628,1,2021-10-19 14:00:00 UTC,true,471
629,2,2021-10-24 11:00:00 UTC,true,471
630,3,2021-11-01 09:00:00 UTC,false,471
631,1,2021-10-11 09:00:00 UTC,true,472
632,2,2021-10-21 14:00:00 UTC,true,472
633,3,2021-10-23 11:00:00 UTC,true,472
634,1,2021-10-22 14:00:00 UTC,true,473
635,1,2021-10-26 12:00:00 UTC,true,474
636,2,2021-11-02 12:00:00 UTC,false,474
637,3,2021-11-06 09:00:00 UTC,false,474
638,1,2021-11-14 09:00:00 UTC,false,475
639,2,2021-11-22 11:00:00 UTC,false,475
640,1,2021-12-17 14:00:00 UTC,false,478
641,2,2021-12-22 09:00:00 UTC,false,478
642,3,2021-12-30 13:00:00 UTC,false,478
643,1,2021-10-19 13:00:00 UTC,true,479
644,2,2021-10-29 12:00:00 UTC,false,479
645,3,2021-11-03 14:00:00 UTC,false,479
646,1,2021-10-16 09:00:00 UTC,true,480
647,2,2021-10-26 11:00:00 UTC,true,480
648,1,2021-11-01 11:00:00 UTC,false,481
649,2,2021-11-07 12:00:00 UTC,false,481
650,1,2021-12-22 10:00:00 UTC,false,482
651,2,2021-12-31 12:00:00 UTC,false,482
652,1,2021-10-29 12:00:00 UTC,false,483
653,2,2021-11-05 13:00:00 UTC,false,483
654,3,2021-11-09 09:00:00 UTC,false,483
655,1,2021-12-19 11:00:00 UTC,false,484
656,2,2021-12-27 12:00:00 UTC,false,484
657,3,2021-12-30 13:00:00 UTC,false,484
658,1,2021-12-26 11:00:00 UTC,false,485
659,2,2022-01-02 12:00:00 UTC,false,485
660,1,2021-11-05 13:00:00 UTC,false,486
661,1,2021-10-14 13:00:00 UTC,true,487
662,1,2021-10-16 13:00:00 UTC,true,488
663,2,2021-10-20 10:00:00 UTC,true,488
664,1,2021-10-30 12:00:00 UTC,false,489
665,2,2021-11-10 12:00:00 UTC,false,489
666,3,2021-11-13 11:00:00 UTC,false,489
667,1,2021-10-05 14:00:00 UTC,true,491
668,1,2021-12-31 14:00:00 UTC,false,492
669,2,2022-01-03 11:00:00 UTC,false,492
670,3,2022-01-11 10:00:00 UTC,false,492
671,1,2021-10-03 10:00:00 UTC,true,493
672,2,2021-10-06 13:00:00 UTC,true,493
673,3,2021-10-13 13:00:00 UTC,true,493
674,1,2021-10-24 14:00:00 UTC,true,494
675,2,2021-11-02 12:00:00 UTC,false,494
676,1,2021-10-12 12:00:00 UTC,true,496
677,2,2021-10-17 14:00:00 UTC,true,496
678,1,2021-10-19 12:00:00 UTC,true,499
679,2,2021-10-29 13:00:00 UTC,false,499
680,1,2021-12-28 09:00:00 UTC,false,500
681,2,2022-01-02 11:00:00 UTC,false,500
682,3,2022-01-08 11:00:00 UTC,false,500
683,1,2021-12-14 11:00:00 UTC,false,501
684,2,2021-12-20 10:00:00 UTC,false,501
685,3,2021-12-28 14:00:00 UTC,false,501
686,1,2021-11-10 13:00:00 UTC,false,502
687,2,2021-11-21 12:00:00 UTC,false,502
688,3,2021-11-22 11:00:00 UTC,false,502
689,1,2021-12-01 13:00:00 UTC,false,503
690,1,2021-10-10 10:00:00 UTC,true,504
691,2,2021-10-18 11:00:00 UTC,true,504
692,3,2021-10-22 09:00:00 UTC,true,504
693,1,2021-10-08 13:00:00 UTC,true,505
694,2,2021-10-12 12:00:00 UTC,true,505
695,1,2021-10-27 12:00:00 UTC,false,507
696,1,2021-12-18 11:00:00 UTC,false,509
697,2,2021-12-22 11:00:00 UTC,false,509
698,3,2021-12-30 12:00:00 UTC,false,509
699,1,2021-11-26 12:00:00 UTC,false,510
700,2,2021-11-29 09:00:00 UTC,false,510
701,1,2021-12-02 11:00:00 UTC,false,512
702,2,2021-12-06 12:00:00 UTC,false,512
703,1,2021-10-18 10:00:00 UTC,true,513
704,2,2021-10-22 10:00:00 UTC,true,513
705,3,2021-10-27 10:00:00 UTC,false,513
706,1,2021-12-15 12:00:00 UTC,false,514
707,2,2021-12-19 14:00:00 UTC,false,514
708,3,2021-12-28 09:00:00 UTC,false,514
709,1,2021-11-03 12:00:00 UTC,false,515
710,1,2021-10-31 13:00:00 UTC,false,516
711,1,2021-10-29 09:00:00 UTC,false,520
712,2,2021-10-31 11:00:00 UTC,false,520
713,1,2021-10-02 10:00:00 UTC,true,521
714,1,2021-10-12 13:00:00 UTC,true,522
715,2,2021-10-17 10:00:00 UTC,true,522
716,3,2021-10-21 10:00:00 UTC,true,522
717,1,2021-12-30 11:00:00 UTC,false,523
718,1,2021-10-07 11:00:00 UTC,true,525
719,2,2021-10-14 12:00:00 UTC,true,525
720,1,2021-11-30 10:00:00 UTC,false,526
721,2,2021-12-03 11:00:00 UTC,false,526
722,3,2021-12-10 12:00:00 UTC,false,526
723,1,2021-12-17 10:00:00 UTC,false,527
724,2,2021-12-21 10:00:00 UTC,false,527
725,3,2021-12-30 13:00:00 UTC,false,527
726,1,2021-10-01 10:00:00 UTC,true,529
727,2,2021-10-10 13:00:00 UTC,true,529
728,3,2021-10-15 14:00:00 UTC,true,529
729,1,2021-10-27 10:00:00 UTC,false,531
730,2,2021-10-30 13:00:00 UTC,false,531
731,3,2021-11-05 11:00:00 UTC,false,531
732,1,2021-12-24 10:00:00 UTC,false,534
733,2,2022-01-01 11:00:00 UTC,false,534
734,1,2021-12-29 09:00:00 UTC,false,537
735,2,2022-01-01 12:00:00 UTC,false,537
736,3,2022-01-12 11:00:00 UTC,false,537
737,1,2021-10-31 10:00:00 UTC,false,538
738,1,2021-11-22 12:00:00 UTC,false,539
739,1,2021-10-14 09:00:00 UTC,true,540
740,2,2021-10-19 13:00:00 UTC,true,540
741,1,2021-10-30 14:00:00 UTC,false,541
742,2,2021-11-08 14:00:00 UTC,false,541
743,3,2021-11-10 11:00:00 UTC,false,541
744,1,2021-10-03 11:00:00 UTC,true,542
745,1,2021-12-21 10:00:00 UTC,false,543
746,2,2021-12-30 12:00:00 UTC,false,543
747,1,2021-11-19 13:00:00 UTC,false,544
748,1,2021-10-28 09:00:00 UTC,false,545
749,1,2021-12-07 11:00:00 UTC,false,546
750,1,2021-10-06 14:00:00 UTC,true,548
751,2,2021-10-12 12:00:00 UTC,true,548
752,3,2021-10-21 12:00:00 UTC,true,548
753,1,2021-10-11 14:00:00 UTC,true,549
754,1,2021-12-17 11:00:00 UTC,false,550
755,2,2021-12-24 11:00:00 UTC,false,550
756,3,2021-12-31 09:00:00 UTC,false,550
757,1,2021-10-22 10:00:00 UTC,true,551
758,1,2021-11-18 10:00:00 UTC,false,553
759,2,2021-11-26 12:00:00 UTC,false,553
760,1,2021-11-24 11:00:00 UTC,false,554
761,2,2021-12-03 14:00:00 UTC,false,554
762,3,2021-12-08 11:00:00 UTC,false,554
763,1,2021-12-20 09:00:00 UTC,false,555
764,2,2021-12-22 13:00:00 UTC,false,555
765,3,2022-01-01 10:00:00 UTC,false,555
766,1,2021-10-07 12:00:00 UTC,true,557
767,1,2021-11-12 14:00:00 UTC,false,559
768,2,2021-11-22 11:00:00 UTC,false,559
769,3,2021-11-25 11:00:00 UTC,false,559
770,1,2022-01-01 14:00:00 UTC,false,562
771,2,2022-01-04 12:00:00 UTC,false,562
772,1,2021-10-17 13:00:00 UTC,true,564
773,2,2021-10-26 11:00:00 UTC,true,564
774,3,2021-10-31 12:00:00 UTC,false,564
775,1,2021-12-07 10:00:00 UTC,false,566
776,2,2021-12-15 14:00:00 UTC,false,566
777,1,2021-10-24 09:00:00 UTC,true,568
778,1,2021-12-08 11:00:00 UTC,false,569
779,2,2021-12-10 14:00:00 UTC,false,569
780,3,2021-12-20 09:00:00 UTC,false,569
781,1,2021-10-19 11:00:00 UTC,true,570
782,1,2021-11-18 14:00:00 UTC,false,571
783,2,2021-11-20 10:00:00 UTC,false,571
784,1,2021-11-17 09:00:00 UTC,false,573
785,2,2021-11-25 14:00:00 UTC,false,573
786,3,2021-11-30 10:00:00 UTC,false,573
787,1,2021-10-12 14:00:00 UTC,true,574
788,2,2021-10-19 14:00:00 UTC,true,574
789,3,2021-10-24 11:00:00 UTC,true,574
790,1,2021-10-16 11:00:00 UTC,true,575
791,2,2021-10-25 12:00:00 UTC,true,575
792,3,2021-10-27 14:00:00 UTC,false,575
793,1,2021-10-10 11:00:00 UTC,true,576
794,2,2021-10-20 09:00:00 UTC,true,576
795,1,2021-10-10 13:00:00 UTC,true,577
796,1,2021-10-30 14:00:00 UTC,false,579
797,2,2021-11-09 12:00:00 UTC,false,579
798,1,2021-11-25 13:00:00 UTC,false,581
799,2,2021-12-02 13:00:00 UTC,false,581
800,1,2021-10-02 09:00:00 UTC,true,582
801,1,2021-12-06 14:00:00 UTC,false,583
802,2,2021-12-11 14:00:00 UTC,false,583
803,1,2021-11-28 09:00:00 UTC,false,584
804,2,2021-12-02 13:00:00 UTC,false,584
805,1,2021-10-28 11:00:00 UTC,false,585
806,2,2021-11-03 10:00:00 UTC,false,585
807,3,2021-11-07 14:00:00 UTC,false,585
808,1,2021-10-04 10:00:00 UTC,true,587
809,2,2021-10-11 14:00:00 UTC,true,587
810,1,2021-11-06 10:00:00 UTC,false,588
811,2,2021-11-12 09:00:00 UTC,false,588
812,3,2021-11-16 10:00:00 UTC,false,588
813,1,2021-11-16 10:00:00 UTC,false,590
814,1,2021-11-01 09:00:00 UTC,false,591
815,1,2021-10-06 14:00:00 UTC,true,593
816,2,2021-10-13 09:00:00 UTC,true,593
817,3,2021-10-19 11:00:00 UTC,true,593
818,1,2021-10-02 09:00:00 UTC,true,595
819,1,2021-10-28 13:00:00 UTC,false,600
820,1,2022-01-02 10:00:00 UTC,false,601
821,2,2022-01-06 10:00:00 UTC,false,601
822,1,2021-12-29 09:00:00 UTC,false,602
823,1,2021-12-22 12:00:00 UTC,false,603
824,2,2021-12-27 12:00:00 UTC,false,603
825,3,2022-01-03 14:00:00 UTC,false,603
826,1,2021-10-22 12:00:00 UTC,true,604
827,2,2021-10-25 11:00:00 UTC,true,604
828,1,2021-11-11 09:00:00 UTC,false,605
829,2,2021-11-17 14:00:00 UTC,false,605
830,1,2021-10-16 12:00:00 UTC,true,606
831,1,2021-12-30 12:00:00 UTC,false,610
832,2,2022-01-03 14:00:00 UTC,false,610
833,1,2021-11-10 11:00:00 UTC,false,611
834,1,2021-12-04 13:00:00 UTC,false,612
835,2,2021-12-05 09:00:00 UTC,false,612
836,1,2021-10-20 09:00:00 UTC,true,613
837,1,2021-12-14 14:00:00 UTC,false,616
838,1,2021-12-16 14:00:00 UTC,false,618
839,2,2021-12-20 13:00:00 UTC,false,618
840,1,2021-11-15 12:00:00 UTC,false,619
841,2,2021-11-20 09:00:00 UTC,false,619
842,3,2021-11-28 14:00:00 UTC,false,619
843,1,2021-10-05 10:00:00 UTC,true,620
844,2,2021-10-11 09:00:00 UTC,true,620
845,1,2021-10-05 09:00:00 UTC,true,621
846,2,2021-10-11 14:00:00 UTC,true,621
847,1,2021-10-30 11:00:00 UTC,false,622
848,1,2021-12-18 12:00:00 UTC,false,623
849,1,2021-10-16 14:00:00 UTC,true,624
850,2,2021-10-25 13:00:00 UTC,true,624
851,3,2021-10-28 10:00:00 UTC,false,624
852,1,2021-11-13 10:00:00 UTC,false,625
853,1,2021-10-16 09:00:00 UTC,true,626
854,1,2021-10-10 13:00:00 UTC,true,628
855,2,2021-10-17 09:00:00 UTC,true,628
856,1,2021-11-27 10:00:00 UTC,false,629
857,1,2021-11-08 10:00:00 UTC,false,630
858,1,2021-11-05 10:00:00 UTC,false,632
859,2,2021-11-09 10:00:00 UTC,false,632
860,3,2021-11-17 12:00:00 UTC,false,632
861,1,2021-10-16 14:00:00 UTC,true,633
862,2,2021-10-25 11:00:00 UTC,true,633
863,1,2021-11-19 09:00:00 UTC,false,637
864,2,2021-11-29 10:00:00 UTC,false,637
865,3,2021-12-01 10:00:00 UTC,false,637
866,1,2021-10-17 10:00:00 UTC,true,639
867,2,2021-10-22 13:00:00 UTC,true,639
868,1,2021-11-03 12:00:00 UTC,false,640
869,1,2021-10-23 11:00:00 UTC,true,641
870,2,2021-11-03 14:00:00 UTC,false,641
871,1,2021-10-18 11:00:00 UTC,true,645
872,2,2021-10-24 14:00:00 UTC,true,645
873,3,2021-10-30 11:00:00 UTC,false,645
874,1,2021-12-25 11:00:00 UTC,false,647
875,2,2021-12-29 12:00:00 UTC,false,647
876,1,2021-11-30 11:00:00 UTC,false,648
877,2,2021-12-10 10:00:00 UTC,false,648
878,3,2021-12-14 11:00:00 UTC,false,648
879,1,2021-11-28 11:00:00 UTC,false,649
880,1,2021-12-24 10:00:00 UTC,false,651
881,1,2021-10-17 12:00:00 UTC,true,652
882,2,2021-10-22 10:00:00 UTC,true,652
883,1,2021-12-09 11:00:00 UTC,false,653
884,1,2021-11-27 11:00:00 UTC,false,654
885,1,2021-11-18 14:00:00 UTC,false,656
886,2,2021-11-20 14:00:00 UTC,false,656
887,3,2021-11-28 13:00:00 UTC,false,656
888,1,2021-12-22 11:00:00 UTC,false,657
889,2,2021-12-31 14:00:00 UTC,false,657
890,1,2021-10-29 12:00:00 UTC,false,658
891,1,2021-12-25 11:00:00 UTC,false,659
892,2,2021-12-28 14:00:00 UTC,false,659
893,3,2022-01-05 09:00:00 UTC,false,659
894,1,2021-11-07 12:00:00 UTC,false,661
895,1,2021-11-08 11:00:00 UTC,false,662
896,2,2021-11-10 13:00:00 UTC,false,662
897,1,2021-10-16 11:00:00 UTC,true,663
898,2,2021-10-24 10:00:00 UTC,true,663
899,1,2021-10-26 11:00:00 UTC,true,664
900,1,2021-10-14 10:00:00 UTC,true,666
901,1,2021-11-11 14:00:00 UTC,false,668
902,2,2021-11-15 10:00:00 UTC,false,668
903,3,2021-11-24 09:00:00 UTC,false,668
904,1,2021-12-25 11:00:00 UTC,false,672
905,1,2021-12-12 11:00:00 UTC,false,673
906,2,2021-12-16 11:00:00 UTC,false,673
907,3,2021-12-25 09:00:00 UTC,false,673
908,1,2021-10-05 13:00:00 UTC,true,675
909,2,2021-10-13 11:00:00 UTC,true,675
910,1,2021-11-23 14:00:00 UTC,false,677
911,2,2021-12-01 11:00:00 UTC,false,677
912,3,2021-12-05 12:00:00 UTC,false,677
913,1,2021-11-29 14:00:00 UTC,false,679
914,2,2021-12-04 11:00:00 UTC,false,679
915,3,2021-12-11 14:00:00 UTC,false,679
916,1,2021-10-25 09:00:00 UTC,true,680
917,1,2021-11-16 11:00:00 UTC,false,682
918,2,2021-11-17 12:00:00 UTC,false,682
919,1,2021-11-17 14:00:00 UTC,false,684
920,2,2021-11-21 11:00:00 UTC,false,684
921,1,2021-11-02 13:00:00 UTC,false,685
922,2,2021-11-09 12:00:00 UTC,false,685
923,3,2021-11-14 10:00:00 UTC,false,685
924,1,2021-10-13 12:00:00 UTC,true,686
925,2,2021-10-19 11:00:00 UTC,true,686
926,3,2021-10-24 09:00:00 UTC,true,686
927,1,2021-12-23 10:00:00 UTC,false,689
928,1,2021-11-02 13:00:00 UTC,false,690
929,2,2021-11-03 12:00:00 UTC,false,690
930,3,2021-11-12 13:00:00 UTC,false,690
931,1,2021-12-05 13:00:00 UTC,false,691
932,2,2021-12-14 14:00:00 UTC,false,691
933,3,2021-12-16 10:00:00 UTC,false,691
934,1,2021-12-06 14:00:00 UTC,false,692
935,2,2021-12-09 13:00:00 UTC,false,692
936,3,2021-12-17 14:00:00 UTC,false,692
937,1,2021-12-13 10:00:00 UTC,false,693
938,2,2021-12-23 11:00:00 UTC,false,693
939,3,2021-12-26 09:00:00 UTC,false,693
940,1,2021-10-31 11:00:00 UTC,false,695
941,2,2021-11-06 14:00:00 UTC,false,695
942,1,2021-10-01 11:00:00 UTC,true,696
943,1,2021-11-07 10:00:00 UTC,false,697
944,2,2021-11-11 10:00:00 UTC,false,697
945,3,2021-11-18 13:00:00 UTC,false,697
946,1,2021-10-09 09:00:00 UTC,true,700
947,2,2021-10-18 13:00:00 UTC,true,700
948,3,2021-10-22 10:00:00 UTC,true,700
949,1,2021-10-27 14:00:00 UTC,false,702
950,2,2021-11-01 09:00:00 UTC,false,702
951,3,2021-11-08 13:00:00 UTC,false,702
952,1,2021-11-17 14:00:00 UTC,false,704
953,2,2021-11-21 09:00:00 UTC,false,704
954,1,2021-12-04 14:00:00 UTC,false,706
955,2,2021-12-14 12:00:00 UTC,false,706
956,1,2021-12-10 14:00:00 UTC,false,707
957,2,2021-12-12 10:00:00 UTC,false,707
958,3,2021-12-20 13:00:00 UTC,false,707
959,1,2021-11-20 14:00:00 UTC,false,709
960,2,2021-11-26 10:00:00 UTC,false,709
961,1,2021-12-26 14:00:00 UTC,false,710
962,2,2021-12-30 11:00:00 UTC,false,710
963,3,2022-01-05 10:00:00 UTC,false,710
964,1,2021-12-13 11:00:00 UTC,false,712
965,2,2021-12-17 09:00:00 UTC,false,712
966,3,2021-12-25 13:00:00 UTC,false,712
967,1,2021-12-11 14:00:00 UTC,false,713
968,2,2021-12-16 12:00:00 UTC,false,713
969,1,2021-12-29 09:00:00 UTC,false,714
970,2,2022-01-07 09:00:00 UTC,false,714
971,3,2022-01-09 09:00:00 UTC,false,714
972,1,2021-10-19 13:00:00 UTC,true,715
973,2,2021-10-28 10:00:00 UTC,false,715
974,3,2021-10-30 10:00:00 UTC,false,715
975,1,2021-10-11 09:00:00 UTC,true,716
976,2,2021-10-17 13:00:00 UTC,true,716
977,3,2021-10-23 09:00:00 UTC,true,716
978,1,2021-10-09 14:00:00 UTC,true,717
979,1,2021-10-04 12:00:00 UTC,true,718
980,1,2021-10-22 11:00:00 UTC,true,719
981,1,2021-10-04 10:00:00 UTC,true,720
982,2,2021-10-10 11:00:00 UTC,true,720
983,1,2021-10-15 10:00:00 UTC,true,721
984,2,2021-10-24 09:00:00 UTC,true,721
985,3,2021-10-30 13:00:00 UTC,false,721
986,1,2021-12-04 11:00:00 UTC,false,722
987,1,2021-12-23 12:00:00 UTC,false,724
988,2,2021-12-31 13:00:00 UTC,false,724
989,1,2021-10-18 10:00:00 UTC,true,726
990,1,2021-11-08 10:00:00 UTC,false,731
991,1,2021-12-16 10:00:00 UTC,false,734
992,1,2021-12-31 12:00:00 UTC,false,735
993,2,2022-01-04 12:00:00 UTC,false,735
994,3,2022-01-12 13:00:00 UTC,false,735
995,1,2021-12-19 11:00:00 UTC,false,738
996,2,2021-12-21 11:00:00 UTC,false,738
997,1,2021-11-19 12:00:00 UTC,false,739
998,2,2021-11-29 09:00:00 UTC,false,739
999,3,2021-12-03 12:00:00 UTC,false,739
1000,1,2021-10-30 14:00:00 UTC,false,741
1001,2,2021-11-03 10:00:00 UTC,false,741
1002,3,2021-11-11 10:00:00 UTC,false,741
1003,1,2021-12-21 10:00:00 UTC,false,742
1004,2,2022-01-01 12:00:00 UTC,false,742
1005,1,2021-12-13 12:00:00 UTC,false,743
1006,2,2021-12-21 11:00:00 UTC,false,743
1007,3,2021-12-25 10:00:00 UTC,false,743
1008,1,2021-10-25 13:00:00 UTC,true,744
1009,2,2021-11-02 09:00:00 UTC,false,744
1010,3,2021-11-05 13:00:00 UTC,false,744
1011,1,2021-10-20 11:00:00 UTC,true,745
1012,1,2021-10-20 09:00:00 UTC,true,746
1013,2,2021-10-24 13:00:00 UTC,true,746
1014,3,2021-10-29 09:00:00 UTC,false,746
1015,1,2021-12-17 13:00:00 UTC,false,750
1016,1,2021-11-14 11:00:00 UTC,false,751
1017,2,2021-11-18 12:00:00 UTC,false,751
1018,3,2021-11-24 10:00:00 UTC,false,751
1019,1,2021-11-21 14:00:00 UTC,false,752
1020,2,2021-11-24 14:00:00 UTC,false,752
1021,3,2021-12-01 14:00:00 UTC,false,752
1022,1,2021-10-18 11:00:00 UTC,true,753
1023,2,2021-10-29 13:00:00 UTC,false,753
1024,3,2021-11-02 11:00:00 UTC,false,753
1025,1,2021-12-18 12:00:00 UTC,false,754
1026,1,2021-10-29 12:00:00 UTC,false,755
1027,2,2021-11-04 10:00:00 UTC,false,755
1028,3,2021-11-10 10:00:00 UTC,false,755
1029,1,2021-11-19 14:00:00 UTC,false,756
1030,2,2021-11-22 11:00:00 UTC,false,756
1031,3,2021-12-02 14:00:00 UTC,false,756
1032,1,2021-11-23 10:00:00 UTC,false,757
1033,2,2021-11-24 10:00:00 UTC,false,757
1034,1,2021-12-30 14:00:00 UTC,false,761
1035,2,2022-01-04 12:00:00 UTC,false,761
1036,1,2021-10-09 12:00:00 UTC,true,762
1037,1,2021-10-04 12:00:00 UTC,true,763
1038,2,2021-10-12 10:00:00 UTC,true,763
1039,3,2021-10-15 14:00:00 UTC,true,763
1040,1,2021-10-19 09:00:00 UTC,true,764
1041,2,2021-10-26 14:00:00 UTC,true,764
1042,3,2021-10-29 12:00:00 UTC,false,764
1043,1,2021-10-22 11:00:00 UTC,true,766
1044,2,2021-10-25 09:00:00 UTC,true,766
1045,3,2021-11-02 13:00:00 UTC,false,766
1046,1,2021-10-11 10:00:00 UTC,true,768
1047,2,2021-10-19 14:00:00 UTC,true,768
1048,1,2021-12-10 11:00:00 UTC,false,770
1049,2,2021-12-16 09:00:00 UTC,false,770
1050,1,2021-10-19 13:00:00 UTC,true,771
1051,2,2021-10-28 12:00:00 UTC,false,771
1052,1,2021-11-08 11:00:00 UTC,false,772
1053,1,2021-12-19 14:00:00 UTC,false,774
1054,2,2021-12-27 11:00:00 UTC,false,774
1055,3,2021-12-30 14:00:00 UTC,false,774
1056,1,2021-10-24 13:00:00 UTC,true,775
1057,2,2021-10-29 14:00:00 UTC,false,775
1058,1,2021-11-07 11:00:00 UTC,false,777
1059,2,2021-11-12 10:00:00 UTC,false,777
1060,3,2021-11-21 14:00:00 UTC,false,777
1061,1,2021-10-18 14:00:00 UTC,true,778
1062,1,2021-12-23 13:00:00 UTC,false,779
1063,2,2021-12-30 13:00:00 UTC,false,779
1064,3,2022-01-03 11:00:00 UTC,false,779
1065,1,2021-10-20 12:00:00 UTC,true,780
1066,1,2021-11-13 11:00:00 UTC,false,781
1067,2,2021-11-24 13:00:00 UTC,false,781
1068,1,2021-11-18 11:00:00 UTC,false,782
1069,2,2021-11-22 14:00:00 UTC,false,782
1070,1,2021-12-11 09:00:00 UTC,false,786
1071,2,2021-12-14 12:00:00 UTC,false,786
1072,1,2021-11-23 11:00:00 UTC,false,787
1073,1,2021-12-19 10:00:00 UTC,false,788
1074,2,2021-12-29 09:00:00 UTC,false,788
1075,3,2022-01-01 13:00:00 UTC,false,788
1076,1,2021-12-04 11:00:00 UTC,false,789
1077,2,2021-12-07 13:00:00 UTC,false,789
1078,3,2021-12-14 13:00:00 UTC,false,789
1079,1,2021-10-29 11:00:00 UTC,false,790
1080,2,2021-10-31 11:00:00 UTC,false,790
1081,3,2021-11-08 10:00:00 UTC,false,790
1082,1,2021-12-16 13:00:00 UTC,false,791
1083,2,2021-12-25 09:00:00 UTC,false,791
1084,1,2021-11-16 13:00:00 UTC,false,792
1085,2,2021-11-21 14:00:00 UTC,false,792
1086,1,2021-10-28 14:00:00 UTC,false,794
1087,1,2021-10-05 13:00:00 UTC,true,796
1088,2,2021-10-12 10:00:00 UTC,true,796
1089,3,2021-10-17 14:00:00 UTC,true,796
1090,1,2021-10-16 10:00:00 UTC,true,797
1091,2,2021-10-19 12:00:00 UTC,true,797
1092,3,2021-10-28 11:00:00 UTC,false,797
1093,1,2021-10-07 14:00:00 UTC,true,798
1094,2,2021-10-12 09:00:00 UTC,true,798
1095,3,2021-10-19 12:00:00 UTC,true,798
1096,1,2021-11-09 10:00:00 UTC,false,799
1097,2,2021-11-16 13:00:00 UTC,false,799
1098,1,2021-12-13 13:00:00 UTC,false,804
1099,2,2021-12-21 13:00:00 UTC,false,804
1100,1,2021-10-13 10:00:00 UTC,true,808
1101,2,2021-10-17 10:00:00 UTC,true,808
1102,3,2021-10-26 13:00:00 UTC,true,808
1103,1,2021-10-21 10:00:00 UTC,true,810
1104,2,2021-10-24 10:00:00 UTC,true,810
1105,3,2021-10-30 09:00:00 UTC,false,810
1106,1,2021-10-02 12:00:00 UTC,true,811
1107,2,2021-10-11 10:00:00 UTC,true,811
1108,3,2021-10-13 11:00:00 UTC,true,811
1109,1,2021-12-08 14:00:00 UTC,false,815
1110,1,2021-12-26 11:00:00 UTC,false,816
1111,1,2021-10-23 09:00:00 UTC,true,817
1112,1,2021-10-15 11:00:00 UTC,true,818
1113,1,2021-10-01 14:00:00 UTC,true,820
1114,2,2021-10-06 14:00:00 UTC,true,820
1115,1,2021-10-24 13:00:00 UTC,true,822
1116,2,2021-10-27 11:00:00 UTC,false,822
1117,1,2021-10-03 09:00:00 UTC,true,823
1118,2,2021-10-10 09:00:00 UTC,true,823
1119,3,2021-10-16 14:00:00 UTC,true,823
1120,1,2021-10-10 11:00:00 UTC,true,827
1121,2,2021-10-15 14:00:00 UTC,true,827
1122,3,2021-10-22 11:00:00 UTC,true,827
1123,1,2021-10-20 13:00:00 UTC,true,829
1124,2,2021-10-25 14:00:00 UTC,true,829
1125,3,2021-10-30 14:00:00 UTC,false,829
1126,1,2021-10-30 10:00:00 UTC,false,830
1127,2,2021-11-07 11:00:00 UTC,false,830
1128,3,2021-11-10 13:00:00 UTC,false,830
1129,1,2021-11-22 13:00:00 UTC,false,831
1130,2,2021-12-03 09:00:00 UTC,false,831
1131,3,2021-12-05 10:00:00 UTC,false,831
1132,1,2021-12-22 11:00:00 UTC,false,832
1133,2,2021-12-27 12:00:00 UTC,false,832
1134,1,2021-11-23 09:00:00 UTC,false,833
1135,2,2021-12-02 12:00:00 UTC,false,833
1136,1,2021-11-28 13:00:00 UTC,false,835
1137,2,2021-12-08 12:00:00 UTC,false,835
1138,1,2021-12-02 12:00:00 UTC,false,838
1139,1,2021-10-19 11:00:00 UTC,true,839
1140,2,2021-10-23 11:00:00 UTC,true,839
1141,3,2021-10-30 10:00:00 UTC,false,839
1142,1,2021-12-06 09:00:00 UTC,false,840
1143,1,2021-10-12 10:00:00 UTC,true,843
1144,1,2021-10-04 13:00:00 UTC,true,844
1145,1,2021-11-28 10:00:00 UTC,false,846
1146,2,2021-12-03 10:00:00 UTC,false,846
1147,3,2021-12-09 11:00:00 UTC,false,846
1148,1,2021-11-16 12:00:00 UTC,false,848
1149,2,2021-11-20 14:00:00 UTC,false,848
1150,1,2021-11-25 10:00:00 UTC,false,849
1151,2,2021-12-01 13:00:00 UTC,false,849
1152,1,2021-10-21 09:00:00 UTC,true,850
1153,1,2021-12-31 14:00:00 UTC,false,851
1154,2,2022-01-04 11:00:00 UTC,false,851
1155,3,2022-01-11 13:00:00 UTC,false,851
1156,1,2021-10-05 13:00:00 UTC,true,852
1157,1,2021-10-07 14:00:00 UTC,true,853
1158,1,2021-10-20 14:00:00 UTC,true,854
1159,1,2021-12-26 13:00:00 UTC,false,856
1160,2,2021-12-30 10:00:00 UTC,false,856
1161,1,2021-12-09 14:00:00 UTC,false,857
1162,2,2021-12-14 13:00:00 UTC,false,857
1163,3,2021-12-22 09:00:00 UTC,false,857
1164,1,2021-11-28 14:00:00 UTC,false,859
1165,2,2021-12-08 12:00:00 UTC,false,859
1166,3,2021-12-12 13:00:00 UTC,false,859
1167,1,2021-12-20 13:00:00 UTC,false,862
1168,2,2021-12-30 13:00:00 UTC,false,862
1169,3,2022-01-03 12:00:00 UTC,false,862
1170,1,2021-12-01 14:00:00 UTC,false,863
1171,2,2021-12-08 09:00:00 UTC,false,863
1172,3,2021-12-16 13:00:00 UTC,false,863
1173,1,2021-10-23 14:00:00 UTC,true,865
1174,2,2021-10-26 10:00:00 UTC,true,865
1175,1,2021-11-29 13:00:00 UTC,false,866
1176,2,2021-12-09 09:00:00 UTC,false,866
1177,1,2021-10-18 11:00:00 UTC,true,868
1178,2,2021-10-27 14:00:00 UTC,false,868
1179,3,2021-10-28 09:00:00 UTC,false,868
1180,1,2021-10-07 14:00:00 UTC,true,870
1181,1,2021-10-30 14:00:00 UTC,false,871
1182,2,2021-11-01 10:00:00 UTC,false,871
1183,3,2021-11-10 10:00:00 UTC,false,871
1184,1,2021-10-29 12:00:00 UTC,false,872
1185,2,2021-11-02 11:00:00 UTC,false,872
1186,3,2021-11-11 11:00:00 UTC,false,872
1187,1,2021-10-26 10:00:00 UTC,true,875
1188,2,2021-11-02 11:00:00 UTC,false,875
1189,1,2021-12-27 11:00:00 UTC,false,876
1190,1,2021-12-06 12:00:00 UTC,false,877
1191,2,2021-12-15 10:00:00 UTC,false,877
1192,3,2021-12-20 10:00:00 UTC,false,877
1193,1,2021-11-19 10:00:00 UTC,false,878
1194,2,2021-11-26 11:00:00 UTC,false,878
1195,3,2021-12-03 09:00:00 UTC,false,878
1196,1,2021-11-02 10:00:00 UTC,false,879
1197,1,2021-10-08 09:00:00 UTC,true,880
1198,2,2021-10-10 10:00:00 UTC,true,880
1199,3,2021-10-21 14:00:00 UTC,true,880
1200,1,2021-11-09 14:00:00 UTC,false,882
1201,2,2021-11-11 13:00:00 UTC,false,882
1202,1,2021-12-31 12:00:00 UTC,false,883
1203,2,2022-01-03 12:00:00 UTC,false,883
1204,1,2021-10-03 10:00:00 UTC,true,884
1205,2,2021-10-09 14:00:00 UTC,true,884
1206,1,2021-11-16 11:00:00 UTC,false,886
1207,2,2021-11-22 13:00:00 UTC,false,886
1208,3,2021-11-28 10:00:00 UTC,false,886
1209,1,2021-12-13 14:00:00 UTC,false,887
1210,2,2021-12-14 10:00:00 UTC,false,887
1211,1,2021-12-09 10:00:00 UTC,false,889
1212,2,2021-12-14 10:00:00 UTC,false,889
1213,3,2021-12-19 10:00:00 UTC,false,889
1214,1,2021-10-28 12:00:00 UTC,false,890
1215,2,2021-11-04 14:00:00 UTC,false,890
1216,3,2021-11-10 13:00:00 UTC,false,890
1217,1,2021-11-07 14:00:00 UTC,false,891
1218,2,2021-11-08 10:00:00 UTC,false,891
1219,1,2021-10-15 10:00:00 UTC,true,892
1220,2,2021-10-19 14:00:00 UTC,true,892
1221,3,2021-10-27 10:00:00 UTC,false,892
1222,1,2021-10-20 11:00:00 UTC,true,893
1223,2,2021-10-25 10:00:00 UTC,true,893
1224,1,2021-10-12 14:00:00 UTC,true,895
1225,2,2021-10-21 11:00:00 UTC,true,895
1226,1,2021-11-06 12:00:00 UTC,false,896
1227,2,2021-11-15 11:00:00 UTC,false,896
1228,1,2021-10-17 13:00:00 UTC,true,897
1229,2,2021-10-20 14:00:00 UTC,true,897
1230,1,2021-12-06 13:00:00 UTC,false,898
1231,2,2021-12-09 13:00:00 UTC,false,898
1232,1,2021-12-08 09:00:00 UTC,false,900
1233,2,2021-12-12 14:00:00 UTC,false,900
1234,1,2021-10-29 11:00:00 UTC,false,904
1235,2,2021-11-03 12:00:00 UTC,false,904
1236,3,2021-11-11 12:00:00 UTC,false,904
1237,1,2021-10-12 14:00:00 UTC,true,905
1238,1,2021-11-05 12:00:00 UTC,false,907
1239,1,2021-10-17 12:00:00 UTC,true,908
1240,2,2021-10-23 11:00:00 UTC,true,908
1241,1,2021-12-22 09:00:00 UTC,false,909
1242,2,2021-12-29 11:00:00 UTC,false,909
1243,3,2022-01-01 13:00:00 UTC,false,909
1244,1,2021-10-01 13:00:00 UTC,true,910
1245,1,2021-12-23 09:00:00 UTC,false,911
1246,2,2022-01-03 10:00:00 UTC,false,911
1247,3,2022-01-05 11:00:00 UTC,false,911
1248,1,2021-10-15 10:00:00 UTC,true,912
1249,2,2021-10-19 10:00:00 UTC,true,912
1250,3,2021-10-25 14:00:00 UTC,true,912
1251,1,2021-12-16 10:00:00 UTC,false,913
1252,2,2021-12-21 11:00:00 UTC,false,913
1253,1,2021-10-12 10:00:00 UTC,true,914
1254,2,2021-10-19 13:00:00 UTC,true,914
1255,3,2021-10-25 12:00:00 UTC,true,914
1256,1,2021-10-21 12:00:00 UTC,true,915
1257,2,2021-10-25 12:00:00 UTC,true,915
1258,1,2021-10-04 13:00:00 UTC,true,918
1259,1,2021-10-20 13:00:00 UTC,true,920
1260,2,2021-10-23 12:00:00 UTC,true,920
1261,3,2021-10-29 10:00:00 UTC,false,920
1262,1,2021-11-08 11:00:00 UTC,false,921
1263,2,2021-11-17 10:00:00 UTC,false,921
1264,3,2021-11-21 10:00:00 UTC,false,921
1265,1,2021-10-09 11:00:00 UTC,true,922
1266,2,2021-10-17 14:00:00 UTC,true,922
1267,1,2021-12-10 12:00:00 UTC,false,923
1268,2,2021-12-13 12:00:00 UTC,false,923
1269,3,2021-12-22 11:00:00 UTC,false,923
1270,1,2021-12-26 11:00:00 UTC,false,924
1271,1,2021-11-16 09:00:00 UTC,false,926
1272,2,2021-11-19 09:00:00 UTC,false,926
1273,1,2021-10-25 09:00:00 UTC,true,927
1274,2,2021-10-31 14:00:00 UTC,false,927
1275,1,2021-11-08 09:00:00 UTC,false,929
1276,1,2021-11-04 11:00:00 UTC,false,930
1277,1,2021-10-11 12:00:00 UTC,true,931
1278,1,2021-10-04 12:00:00 UTC,true,932
1279,1,2021-11-14 11:00:00 UTC,false,934
1280,2,2021-11-16 14:00:00 UTC,false,934
1281,1,2021-10-06 09:00:00 UTC,true,936
1282,2,2021-10-15 10:00:00 UTC,true,936
1283,3,2021-10-17 14:00:00 UTC,true,936
1284,1,2021-11-28 12:00:00 UTC,false,938
1285,2,2021-12-05 09:00:00 UTC,false,938
1286,3,2021-12-09 09:00:00 UTC,false,938
1287,1,2021-10-17 14:00:00 UTC,true,939
1288,1,2021-12-12 13:00:00 UTC,false,940
1289,2,2021-12-19 09:00:00 UTC,false,940
1290,3,2021-12-21 13:00:00 UTC,false,940
1291,1,2021-10-22 13:00:00 UTC,true,942
1292,2,2021-10-26 12:00:00 UTC,true,942
1293,3,2021-11-01 12:00:00 UTC,false,942
1294,1,2021-10-26 11:00:00 UTC,true,944
1295,1,2021-11-30 10:00:00 UTC,false,945
1296,2,2021-12-05 09:00:00 UTC,false,945
1297,3,2021-12-13 11:00:00 UTC,false,945
1298,1,2021-10-13 12:00:00 UTC,true,947
1299,1,2021-10-10 10:00:00 UTC,true,948
1300,2,2021-10-12 12:00:00 UTC,true,948
1301,3,2021-10-21 10:00:00 UTC,true,948
1302,1,2021-10-07 12:00:00 UTC,true,949
1303,2,2021-10-16 11:00:00 UTC,true,949
1304,3,2021-10-18 13:00:00 UTC,true,949
1305,1,2021-12-28 14:00:00 UTC,false,950
1306,2,2022-01-01 13:00:00 UTC,false,950
1307,1,2021-11-23 13:00:00 UTC,false,951
1308,2,2021-11-27 10:00:00 UTC,false,951
1309,1,2021-12-09 12:00:00 UTC,false,952
1310,2,2021-12-19 14:00:00 UTC,false,952
1311,1,2021-12-03 09:00:00 UTC,false,954
1312,2,2021-12-10 13:00:00 UTC,false,954
1313,3,2021-12-17 12:00:00 UTC,false,954
1314,1,2021-11-04 11:00:00 UTC,false,955
1315,2,2021-11-08 14:00:00 UTC,false,955
1316,3,2021-11-13 14:00:00 UTC,false,955
1317,1,2021-12-28 10:00:00 UTC,false,958
1318,2,2022-01-06 10:00:00 UTC,false,958
1319,3,2022-01-09 10:00:00 UTC,false,958
1320,1,2021-11-16 13:00:00 UTC,false,961
1321,1,2021-10-23 11:00:00 UTC,true,964
1322,2,2021-10-31 13:00:00 UTC,false,964
1323,3,2021-11-03 11:00:00 UTC,false,964
1324,1,2021-11-01 11:00:00 UTC,false,965
1325,2,2021-11-06 13:00:00 UTC,false,965
1326,1,2021-10-09 14:00:00 UTC,true,966
1327,2,2021-10-16 10:00:00 UTC,true,966
1328,1,2021-10-29 13:00:00 UTC,false,967
1329,2,2021-11-03 11:00:00 UTC,false,967
1330,1,2021-10-29 12:00:00 UTC,false,968
1331,1,2021-12-13 11:00:00 UTC,false,970
1332,1,2021-11-05 12:00:00 UTC,false,972
1333,2,2021-11-13 12:00:00 UTC,false,972
1334,1,2021-11-24 14:00:00 UTC,false,973
1335,2,2021-12-03 14:00:00 UTC,false,973
1336,3,2021-12-08 10:00:00 UTC,false,973
1337,1,2021-11-18 09:00:00 UTC,false,975
1338,2,2021-11-23 10:00:00 UTC,false,975
1339,1,2021-12-05 10:00:00 UTC,false,976
1340,2,2021-12-07 14:00:00 UTC,false,976
1341,1,2021-10-16 10:00:00 UTC,true,978
1342,1,2021-12-27 14:00:00 UTC,false,979
1343,1,2021-11-06 10:00:00 UTC,false,981
1344,1,2021-11-10 10:00:00 UTC,false,982
1345,2,2021-11-18 09:00:00 UTC,false,982
1346,3,2021-11-23 09:00:00 UTC,false,982
1347,1,2021-11-04 12:00:00 UTC,false,983
1348,1,2021-10-18 10:00:00 UTC,true,984
1349,2,2021-10-24 12:00:00 UTC,true,984
1350,1,2021-12-02 09:00:00 UTC,false,986
1351,1,2021-10-29 10:00:00 UTC,false,987
1352,2,2021-11-07 11:00:00 UTC,false,987
1353,3,2021-11-11 14:00:00 UTC,false,987
1354,1,2021-10-08 14:00:00 UTC,true,988
1355,2,2021-10-19 09:00:00 UTC,true,988
1356,1,2021-12-21 09:00:00 UTC,false,989
1357,2,2021-12-24 09:00:00 UTC,false,989
1358,1,2021-11-29 11:00:00 UTC,false,990
1359,2,2021-12-07 11:00:00 UTC,false,990
1360,3,2021-12-11 10:00:00 UTC,false,990
1361,1,2021-11-10 11:00:00 UTC,false,991
1362,2,2021-11-13 11:00:00 UTC,false,991
1363,3,2021-11-22 14:00:00 UTC,false,991
1364,1,2021-10-22 12:00:00 UTC,true,992
1365,1,2021-10-13 12:00:00 UTC,true,996
1366,2,2021-10-15 13:00:00 UTC,true,996
1367,1,2021-10-12 12:00:00 UTC,true,998
1368,2,2021-10-19 13:00:00 UTC,true,998
1369,1,2021-10-26 12:00:00 UTC,true,999
1370,2,2021-11-01 11:00:00 UTC,false,999
1371,3,2021-11-07 11:00:00 UTC,false,999
1372,1,2021-12-20 14:00:00 UTC,false,1000
1373,2,2021-12-22 12:00:00 UTC,false,1000
1374,1,2021-10-06 14:00:00 UTC,true,1001
1375,1,2021-12-12 09:00:00 UTC,false,1003
1376,2,2021-12-14 09:00:00 UTC,false,1003
1377,3,2021-12-23 10:00:00 UTC,false,1003
1378,1,2021-10-14 11:00:00 UTC,true,1005
1379,1,2021-10-11 10:00:00 UTC,true,1006
1380,1,2021-12-18 10:00:00 UTC,false,1007
1381,2,2021-12-27 14:00:00 UTC,false,1007
1382,3,2021-12-29 14:00:00 UTC,false,1007
1383,1,2021-12-16 10:00:00 UTC,false,1008
1384,2,2021-12-22 11:00:00 UTC,false,1008
1385,3,2021-12-31 12:00:00 UTC,false,1008
1386,1,2021-11-26 11:00:00 UTC,false,1009
1387,1,2021-12-01 13:00:00 UTC,false,1013
1388,2,2021-12-02 10:00:00 UTC,false,1013
1389,1,2021-11-12 11:00:00 UTC,false,1014
1390,2,2021-11-22 12:00:00 UTC,false,1014
1391,3,2021-11-23 13:00:00 UTC,false,1014